id	Gene	Average expression scaled	Percent expression	Pathway	orig.ident	STIM	MUTATION.GROUP	Mutation group	vaf_identifier	identifier
CH-21-014_VEH	CCR1	20	28.66880513231756	IL6	CH-21-014	VEH	TET2	TET2	TET2 8: 0.51	TET2 8 VEH
CH-21-014_VEH	CD14	20	46.712109061748194	IL6	CH-21-014	VEH	TET2	TET2	TET2 8: 0.51	TET2 8 VEH
CH-21-014_VEH	BRI3	20	82.47794707297514	Adhesion	CH-21-014	VEH	TET2	TET2	TET2 8: 0.51	TET2 8 VEH
CH-21-014_VEH	CD36	20	10.264635124298316	IL6	CH-21-014	VEH	TET2	TET2	TET2 8: 0.51	TET2 8 VEH
CH-21-014_VEH	CSF2	1	7.337610264635125	IL6	CH-21-014	VEH	TET2	TET2	TET2 8: 0.51	TET2 8 VEH
CH-21-014_VEH	CD74	20	94.54691259021651	Antigen	CH-21-014	VEH	TET2	TET2	TET2 8: 0.51	TET2 8 VEH
CH-21-014_VEH	CXCL3	1	95.22854851643946	IL6	CH-21-014	VEH	TET2	TET2	TET2 8: 0.51	TET2 8 VEH
CH-21-014_VEH	CXCL8	1	99.95990376904571	Adhesion	CH-21-014	VEH	TET2	TET2	TET2 8: 0.51	TET2 8 VEH
CH-21-014_VEH	CTSS	20	95.42902967121091	Antigen	CH-21-014	VEH	TET2	TET2	TET2 8: 0.51	TET2 8 VEH
CH-21-014_VEH	IL1B	1	99.27826784282277	IL6	CH-21-014	VEH	TET2	TET2	TET2 8: 0.51	TET2 8 VEH
CH-21-014_VEH	IL1R1	1	38.85324779470729	IL6	CH-21-014	VEH	TET2	TET2	TET2 8: 0.51	TET2 8 VEH
CH-21-014_VEH	IL6	1	22.012830793905373	IL6	CH-21-014	VEH	TET2	TET2	TET2 8: 0.51	TET2 8 VEH
CH-21-014_VEH	FYB1	20	10.54530874097835	Antigen	CH-21-014	VEH	TET2	TET2	TET2 8: 0.51	TET2 8 VEH
CH-21-014_VEH	JUN	20	62.67040898155574	IL6	CH-21-014	VEH	TET2	TET2	TET2 8: 0.51	TET2 8 VEH
CH-21-014_VEH	IL1B	1	99.27826784282277	Adhesion	CH-21-014	VEH	TET2	TET2	TET2 8: 0.51	TET2 8 VEH
CH-21-014_VEH	IFI30	20	87.00882117080995	Antigen	CH-21-014	VEH	TET2	TET2	TET2 8: 0.51	TET2 8 VEH
CH-21-014_VEH	IL6	1	22.012830793905373	Adhesion	CH-21-014	VEH	TET2	TET2	TET2 8: 0.51	TET2 8 VEH
CH-21-014_VEH	LILRB2	20	50.96230954290297	Antigen	CH-21-014	VEH	TET2	TET2	TET2 8: 0.51	TET2 8 VEH
CH-21-014_VEH	ITGB2	20	42.34161988773055	Adhesion	CH-21-014	VEH	TET2	TET2	TET2 8: 0.51	TET2 8 VEH
CH-21-014_VEH	LST1	20	81.43544506816359	Antigen	CH-21-014	VEH	TET2	TET2	TET2 8: 0.51	TET2 8 VEH
CH-21-014_VEH	NFKB1	1	91.57979149959904	Adhesion	CH-21-014	VEH	TET2	TET2	TET2 8: 0.51	TET2 8 VEH
CH-21-014_VEH	PECAM1	20	12.870890136327183	Adhesion	CH-21-014	VEH	TET2	TET2	TET2 8: 0.51	TET2 8 VEH
CH-21-014_VEH	PTGS2	1	69.00561347233361	Adhesion	CH-21-014	VEH	TET2	TET2	TET2 8: 0.51	TET2 8 VEH
CH-21-014_VEH	TNFAIP6	1	67.7626303127506	Adhesion	CH-21-014	VEH	TET2	TET2	TET2 8: 0.51	TET2 8 VEH
CH-21-014_VEH	PSME1	20	56.816359262229355	Antigen	CH-21-014	VEH	TET2	TET2	TET2 8: 0.51	TET2 8 VEH
CH-21-014_STIM	CCR1	1	11.717974180734856	IL6	CH-21-014	STIM	TET2	TET2	TET2 8: 0.51	TET2 8 STIM
CH-21-014_STIM	CD14	1	21.25124131082423	IL6	CH-21-014	STIM	TET2	TET2	TET2 8: 0.51	TET2 8 STIM
CH-21-014_STIM	BRI3	1	66.48460774577954	Adhesion	CH-21-014	STIM	TET2	TET2	TET2 8: 0.51	TET2 8 STIM
CH-21-014_STIM	CD36	1	6.007944389275075	IL6	CH-21-014	STIM	TET2	TET2	TET2 8: 0.51	TET2 8 STIM
CH-21-014_STIM	CSF2	20	32.472691161866926	IL6	CH-21-014	STIM	TET2	TET2	TET2 8: 0.51	TET2 8 STIM
CH-21-014_STIM	CD74	1	90.31777557100298	Antigen	CH-21-014	STIM	TET2	TET2	TET2 8: 0.51	TET2 8 STIM
CH-21-014_STIM	CXCL3	20	98.56007944389275	IL6	CH-21-014	STIM	TET2	TET2	TET2 8: 0.51	TET2 8 STIM
CH-21-014_STIM	CXCL8	20	100	Adhesion	CH-21-014	STIM	TET2	TET2	TET2 8: 0.51	TET2 8 STIM
CH-21-014_STIM	CTSS	1	91.06256206554121	Antigen	CH-21-014	STIM	TET2	TET2	TET2 8: 0.51	TET2 8 STIM
CH-21-014_STIM	IL1B	20	99.80139026812313	IL6	CH-21-014	STIM	TET2	TET2	TET2 8: 0.51	TET2 8 STIM
CH-21-014_STIM	IL1R1	20	57.149950347567035	IL6	CH-21-014	STIM	TET2	TET2	TET2 8: 0.51	TET2 8 STIM
CH-21-014_STIM	IL6	20	85.5511420059583	IL6	CH-21-014	STIM	TET2	TET2	TET2 8: 0.51	TET2 8 STIM
CH-21-014_STIM	FYB1	1	5.461767626613704	Antigen	CH-21-014	STIM	TET2	TET2	TET2 8: 0.51	TET2 8 STIM
CH-21-014_STIM	JUN	1	53.72393247269116	IL6	CH-21-014	STIM	TET2	TET2	TET2 8: 0.51	TET2 8 STIM
CH-21-014_STIM	IL1B	20	99.80139026812313	Adhesion	CH-21-014	STIM	TET2	TET2	TET2 8: 0.51	TET2 8 STIM
CH-21-014_STIM	IFI30	1	51.340615690168825	Antigen	CH-21-014	STIM	TET2	TET2	TET2 8: 0.51	TET2 8 STIM
CH-21-014_STIM	IL6	20	85.5511420059583	Adhesion	CH-21-014	STIM	TET2	TET2	TET2 8: 0.51	TET2 8 STIM
CH-21-014_STIM	LILRB2	1	21.648460774577956	Antigen	CH-21-014	STIM	TET2	TET2	TET2 8: 0.51	TET2 8 STIM
CH-21-014_STIM	ITGB2	1	29.14597815292949	Adhesion	CH-21-014	STIM	TET2	TET2	TET2 8: 0.51	TET2 8 STIM
CH-21-014_STIM	LST1	1	71.05263157894737	Antigen	CH-21-014	STIM	TET2	TET2	TET2 8: 0.51	TET2 8 STIM
CH-21-014_STIM	NFKB1	20	94.98510427010923	Adhesion	CH-21-014	STIM	TET2	TET2	TET2 8: 0.51	TET2 8 STIM
CH-21-014_STIM	PECAM1	1	4.220456802383317	Adhesion	CH-21-014	STIM	TET2	TET2	TET2 8: 0.51	TET2 8 STIM
CH-21-014_STIM	PTGS2	20	96.92154915590864	Adhesion	CH-21-014	STIM	TET2	TET2	TET2 8: 0.51	TET2 8 STIM
CH-21-014_STIM	TNFAIP6	20	87.58689175769612	Adhesion	CH-21-014	STIM	TET2	TET2	TET2 8: 0.51	TET2 8 STIM
CH-21-014_STIM	PSME1	1	42.00595829195631	Antigen	CH-21-014	STIM	TET2	TET2	TET2 8: 0.51	TET2 8 STIM
CH-21-033_VEH	CCR1	20	19.619952494061756	IL6	CH-21-033	VEH	TET2	TET2	TET2 6: 0.33	TET2 6 VEH
CH-21-033_VEH	CD14	20	21.80522565320665	IL6	CH-21-033	VEH	TET2	TET2	TET2 6: 0.33	TET2 6 VEH
CH-21-033_VEH	BRI3	20	50.92636579572447	Adhesion	CH-21-033	VEH	TET2	TET2	TET2 6: 0.33	TET2 6 VEH
CH-21-033_VEH	CD36	20	5.225653206650831	IL6	CH-21-033	VEH	TET2	TET2	TET2 6: 0.33	TET2 6 VEH
CH-21-033_VEH	CSF2	1	2.327790973871734	IL6	CH-21-033	VEH	TET2	TET2	TET2 6: 0.33	TET2 6 VEH
CH-21-033_VEH	CD74	20	86.41330166270784	Antigen	CH-21-033	VEH	TET2	TET2	TET2 6: 0.33	TET2 6 VEH
CH-21-033_VEH	CXCL3	1	89.31116389548693	IL6	CH-21-033	VEH	TET2	TET2	TET2 6: 0.33	TET2 6 VEH
CH-21-033_VEH	CXCL8	1	100	Adhesion	CH-21-033	VEH	TET2	TET2	TET2 6: 0.33	TET2 6 VEH
CH-21-033_VEH	CTSS	20	74.39429928741093	Antigen	CH-21-033	VEH	TET2	TET2	TET2 6: 0.33	TET2 6 VEH
CH-21-033_VEH	IL1B	1	98.33729216152018	IL6	CH-21-033	VEH	TET2	TET2	TET2 6: 0.33	TET2 6 VEH
CH-21-033_VEH	IL1R1	1	18.24228028503563	IL6	CH-21-033	VEH	TET2	TET2	TET2 6: 0.33	TET2 6 VEH
CH-21-033_VEH	IL6	1	21.425178147268408	IL6	CH-21-033	VEH	TET2	TET2	TET2 6: 0.33	TET2 6 VEH
CH-21-033_VEH	FYB1	20	19.7624703087886	Antigen	CH-21-033	VEH	TET2	TET2	TET2 6: 0.33	TET2 6 VEH
CH-21-033_VEH	JUN	20	45.46318289786223	IL6	CH-21-033	VEH	TET2	TET2	TET2 6: 0.33	TET2 6 VEH
CH-21-033_VEH	IL1B	1	98.33729216152018	Adhesion	CH-21-033	VEH	TET2	TET2	TET2 6: 0.33	TET2 6 VEH
CH-21-033_VEH	IFI30	20	65.32066508313538	Antigen	CH-21-033	VEH	TET2	TET2	TET2 6: 0.33	TET2 6 VEH
CH-21-033_VEH	IL6	1	21.425178147268408	Adhesion	CH-21-033	VEH	TET2	TET2	TET2 6: 0.33	TET2 6 VEH
CH-21-033_VEH	LILRB2	20	18.24228028503563	Antigen	CH-21-033	VEH	TET2	TET2	TET2 6: 0.33	TET2 6 VEH
CH-21-033_VEH	ITGB2	20	27.410926365795724	Adhesion	CH-21-033	VEH	TET2	TET2	TET2 6: 0.33	TET2 6 VEH
CH-21-033_VEH	LST1	20	31.78147268408551	Antigen	CH-21-033	VEH	TET2	TET2	TET2 6: 0.33	TET2 6 VEH
CH-21-033_VEH	NFKB1	1	65.7957244655582	Adhesion	CH-21-033	VEH	TET2	TET2	TET2 6: 0.33	TET2 6 VEH
CH-21-033_VEH	PECAM1	20	10.261282660332542	Adhesion	CH-21-033	VEH	TET2	TET2	TET2 6: 0.33	TET2 6 VEH
CH-21-033_VEH	PTGS2	1	56.67458432304038	Adhesion	CH-21-033	VEH	TET2	TET2	TET2 6: 0.33	TET2 6 VEH
CH-21-033_VEH	TNFAIP6	1	35.05938242280285	Adhesion	CH-21-033	VEH	TET2	TET2	TET2 6: 0.33	TET2 6 VEH
CH-21-033_VEH	PSME1	20	42.13776722090261	Antigen	CH-21-033	VEH	TET2	TET2	TET2 6: 0.33	TET2 6 VEH
CH-21-033_STIM	CCR1	1	10.463968410661401	IL6	CH-21-033	STIM	TET2	TET2	TET2 6: 0.33	TET2 6 STIM
CH-21-033_STIM	CD14	1	15.004935834155972	IL6	CH-21-033	STIM	TET2	TET2	TET2 6: 0.33	TET2 6 STIM
CH-21-033_STIM	BRI3	1	45.310957551826256	Adhesion	CH-21-033	STIM	TET2	TET2	TET2 6: 0.33	TET2 6 STIM
CH-21-033_STIM	CD36	1	3.257650542941757	IL6	CH-21-033	STIM	TET2	TET2	TET2 6: 0.33	TET2 6 STIM
CH-21-033_STIM	CSF2	20	4.4422507403751235	IL6	CH-21-033	STIM	TET2	TET2	TET2 6: 0.33	TET2 6 STIM
CH-21-033_STIM	CD74	1	85.7847976307996	Antigen	CH-21-033	STIM	TET2	TET2	TET2 6: 0.33	TET2 6 STIM
CH-21-033_STIM	CXCL3	20	89.63474827245804	IL6	CH-21-033	STIM	TET2	TET2	TET2 6: 0.33	TET2 6 STIM
CH-21-033_STIM	CXCL8	20	100	Adhesion	CH-21-033	STIM	TET2	TET2	TET2 6: 0.33	TET2 6 STIM
CH-21-033_STIM	CTSS	1	72.1618953603159	Antigen	CH-21-033	STIM	TET2	TET2	TET2 6: 0.33	TET2 6 STIM
CH-21-033_STIM	IL1B	20	99.60513326752222	IL6	CH-21-033	STIM	TET2	TET2	TET2 6: 0.33	TET2 6 STIM
CH-21-033_STIM	IL1R1	20	22.013820335636723	IL6	CH-21-033	STIM	TET2	TET2	TET2 6: 0.33	TET2 6 STIM
CH-21-033_STIM	IL6	20	44.42250740375123	IL6	CH-21-033	STIM	TET2	TET2	TET2 6: 0.33	TET2 6 STIM
CH-21-033_STIM	FYB1	1	15.992102665350444	Antigen	CH-21-033	STIM	TET2	TET2	TET2 6: 0.33	TET2 6 STIM
CH-21-033_STIM	JUN	1	39.98025666337611	IL6	CH-21-033	STIM	TET2	TET2	TET2 6: 0.33	TET2 6 STIM
CH-21-033_STIM	IL1B	20	99.60513326752222	Adhesion	CH-21-033	STIM	TET2	TET2	TET2 6: 0.33	TET2 6 STIM
CH-21-033_STIM	IFI30	1	54.09674234945706	Antigen	CH-21-033	STIM	TET2	TET2	TET2 6: 0.33	TET2 6 STIM
CH-21-033_STIM	IL6	20	44.42250740375123	Adhesion	CH-21-033	STIM	TET2	TET2	TET2 6: 0.33	TET2 6 STIM
CH-21-033_STIM	LILRB2	1	11.747285291214215	Antigen	CH-21-033	STIM	TET2	TET2	TET2 6: 0.33	TET2 6 STIM
CH-21-033_STIM	ITGB2	1	26.554787759131294	Adhesion	CH-21-033	STIM	TET2	TET2	TET2 6: 0.33	TET2 6 STIM
CH-21-033_STIM	LST1	1	27.344521224086872	Antigen	CH-21-033	STIM	TET2	TET2	TET2 6: 0.33	TET2 6 STIM
CH-21-033_STIM	NFKB1	20	68.01579466929911	Adhesion	CH-21-033	STIM	TET2	TET2	TET2 6: 0.33	TET2 6 STIM
CH-21-033_STIM	PECAM1	1	4.8371174728529125	Adhesion	CH-21-033	STIM	TET2	TET2	TET2 6: 0.33	TET2 6 STIM
CH-21-033_STIM	PTGS2	20	70.0888450148075	Adhesion	CH-21-033	STIM	TET2	TET2	TET2 6: 0.33	TET2 6 STIM
CH-21-033_STIM	TNFAIP6	20	47.77887462981244	Adhesion	CH-21-033	STIM	TET2	TET2	TET2 6: 0.33	TET2 6 STIM
CH-21-033_STIM	PSME1	1	37.41362290227048	Antigen	CH-21-033	STIM	TET2	TET2	TET2 6: 0.33	TET2 6 STIM
CH-20-004_VEH	CCR1	20	60.61755146262189	IL6	CH-20-004	VEH	TET2	TET2	TET2 5: 0.3	TET2 5 VEH
CH-20-004_VEH	CD14	20	62.56771397616468	IL6	CH-20-004	VEH	TET2	TET2	TET2 5: 0.3	TET2 5 VEH
CH-20-004_VEH	BRI3	20	87.32394366197182	Adhesion	CH-20-004	VEH	TET2	TET2	TET2 5: 0.3	TET2 5 VEH
CH-20-004_VEH	CD36	20	18.74322860238353	IL6	CH-20-004	VEH	TET2	TET2	TET2 5: 0.3	TET2 5 VEH
CH-20-004_VEH	CSF2	1	2.76273022751896	IL6	CH-20-004	VEH	TET2	TET2	TET2 5: 0.3	TET2 5 VEH
CH-20-004_VEH	CD74	20	95.82881906825568	Antigen	CH-20-004	VEH	TET2	TET2	TET2 5: 0.3	TET2 5 VEH
CH-20-004_VEH	CXCL3	1	91.9284940411701	IL6	CH-20-004	VEH	TET2	TET2	TET2 5: 0.3	TET2 5 VEH
CH-20-004_VEH	CXCL8	1	100	Adhesion	CH-20-004	VEH	TET2	TET2	TET2 5: 0.3	TET2 5 VEH
CH-20-004_VEH	CTSS	20	98.59154929577466	Antigen	CH-20-004	VEH	TET2	TET2	TET2 5: 0.3	TET2 5 VEH
CH-20-004_VEH	IL1B	1	98.69989165763813	IL6	CH-20-004	VEH	TET2	TET2	TET2 5: 0.3	TET2 5 VEH
CH-20-004_VEH	IL1R1	1	45.016251354279525	IL6	CH-20-004	VEH	TET2	TET2	TET2 5: 0.3	TET2 5 VEH
CH-20-004_VEH	IL6	1	8.559046587215601	IL6	CH-20-004	VEH	TET2	TET2	TET2 5: 0.3	TET2 5 VEH
CH-20-004_VEH	FYB1	20	16.143011917659805	Antigen	CH-20-004	VEH	TET2	TET2	TET2 5: 0.3	TET2 5 VEH
CH-20-004_VEH	JUN	20	72.10184182015168	IL6	CH-20-004	VEH	TET2	TET2	TET2 5: 0.3	TET2 5 VEH
CH-20-004_VEH	IL1B	1	98.69989165763813	Adhesion	CH-20-004	VEH	TET2	TET2	TET2 5: 0.3	TET2 5 VEH
CH-20-004_VEH	IFI30	20	98.26652221018418	Antigen	CH-20-004	VEH	TET2	TET2	TET2 5: 0.3	TET2 5 VEH
CH-20-004_VEH	IL6	1	8.559046587215601	Adhesion	CH-20-004	VEH	TET2	TET2	TET2 5: 0.3	TET2 5 VEH
CH-20-004_VEH	LILRB2	20	52.437703141928495	Antigen	CH-20-004	VEH	TET2	TET2	TET2 5: 0.3	TET2 5 VEH
CH-20-004_VEH	ITGB2	20	63.48862405200434	Adhesion	CH-20-004	VEH	TET2	TET2	TET2 5: 0.3	TET2 5 VEH
CH-20-004_VEH	LST1	20	67.55146262188516	Antigen	CH-20-004	VEH	TET2	TET2	TET2 5: 0.3	TET2 5 VEH
CH-20-004_VEH	NFKB1	1	72.58938244853738	Adhesion	CH-20-004	VEH	TET2	TET2	TET2 5: 0.3	TET2 5 VEH
CH-20-004_VEH	PECAM1	20	44.20368364030336	Adhesion	CH-20-004	VEH	TET2	TET2	TET2 5: 0.3	TET2 5 VEH
CH-20-004_VEH	PTGS2	1	59.100758396533045	Adhesion	CH-20-004	VEH	TET2	TET2	TET2 5: 0.3	TET2 5 VEH
CH-20-004_VEH	TNFAIP6	1	22.914409534127845	Adhesion	CH-20-004	VEH	TET2	TET2	TET2 5: 0.3	TET2 5 VEH
CH-20-004_VEH	PSME1	20	63.976164680390035	Antigen	CH-20-004	VEH	TET2	TET2	TET2 5: 0.3	TET2 5 VEH
CH-20-004_STIM	CCR1	1	7.986111111111111	IL6	CH-20-004	STIM	TET2	TET2	TET2 5: 0.3	TET2 5 STIM
CH-20-004_STIM	CD14	1	30.90277777777778	IL6	CH-20-004	STIM	TET2	TET2	TET2 5: 0.3	TET2 5 STIM
CH-20-004_STIM	BRI3	1	66.84027777777779	Adhesion	CH-20-004	STIM	TET2	TET2	TET2 5: 0.3	TET2 5 STIM
CH-20-004_STIM	CD36	1	4.513888888888888	IL6	CH-20-004	STIM	TET2	TET2	TET2 5: 0.3	TET2 5 STIM
CH-20-004_STIM	CSF2	20	23.78472222222222	IL6	CH-20-004	STIM	TET2	TET2	TET2 5: 0.3	TET2 5 STIM
CH-20-004_STIM	CD74	1	92.70833333333334	Antigen	CH-20-004	STIM	TET2	TET2	TET2 5: 0.3	TET2 5 STIM
CH-20-004_STIM	CXCL3	20	97.91666666666666	IL6	CH-20-004	STIM	TET2	TET2	TET2 5: 0.3	TET2 5 STIM
CH-20-004_STIM	CXCL8	20	100	Adhesion	CH-20-004	STIM	TET2	TET2	TET2 5: 0.3	TET2 5 STIM
CH-20-004_STIM	CTSS	1	94.61805555555556	Antigen	CH-20-004	STIM	TET2	TET2	TET2 5: 0.3	TET2 5 STIM
CH-20-004_STIM	IL1B	20	100	IL6	CH-20-004	STIM	TET2	TET2	TET2 5: 0.3	TET2 5 STIM
CH-20-004_STIM	IL1R1	20	67.1875	IL6	CH-20-004	STIM	TET2	TET2	TET2 5: 0.3	TET2 5 STIM
CH-20-004_STIM	IL6	20	86.11111111111111	IL6	CH-20-004	STIM	TET2	TET2	TET2 5: 0.3	TET2 5 STIM
CH-20-004_STIM	FYB1	1	7.8125	Antigen	CH-20-004	STIM	TET2	TET2	TET2 5: 0.3	TET2 5 STIM
CH-20-004_STIM	JUN	1	55.38194444444444	IL6	CH-20-004	STIM	TET2	TET2	TET2 5: 0.3	TET2 5 STIM
CH-20-004_STIM	IL1B	20	100	Adhesion	CH-20-004	STIM	TET2	TET2	TET2 5: 0.3	TET2 5 STIM
CH-20-004_STIM	IFI30	1	61.458333333333336	Antigen	CH-20-004	STIM	TET2	TET2	TET2 5: 0.3	TET2 5 STIM
CH-20-004_STIM	IL6	20	86.11111111111111	Adhesion	CH-20-004	STIM	TET2	TET2	TET2 5: 0.3	TET2 5 STIM
CH-20-004_STIM	LILRB2	1	17.881944444444446	Antigen	CH-20-004	STIM	TET2	TET2	TET2 5: 0.3	TET2 5 STIM
CH-20-004_STIM	ITGB2	1	47.74305555555556	Adhesion	CH-20-004	STIM	TET2	TET2	TET2 5: 0.3	TET2 5 STIM
CH-20-004_STIM	LST1	1	59.02777777777778	Antigen	CH-20-004	STIM	TET2	TET2	TET2 5: 0.3	TET2 5 STIM
CH-20-004_STIM	NFKB1	20	93.92361111111111	Adhesion	CH-20-004	STIM	TET2	TET2	TET2 5: 0.3	TET2 5 STIM
CH-20-004_STIM	PECAM1	1	4.166666666666666	Adhesion	CH-20-004	STIM	TET2	TET2	TET2 5: 0.3	TET2 5 STIM
CH-20-004_STIM	PTGS2	20	96.875	Adhesion	CH-20-004	STIM	TET2	TET2	TET2 5: 0.3	TET2 5 STIM
CH-20-004_STIM	TNFAIP6	20	84.02777777777779	Adhesion	CH-20-004	STIM	TET2	TET2	TET2 5: 0.3	TET2 5 STIM
CH-20-004_STIM	PSME1	1	54.861111111111114	Antigen	CH-20-004	STIM	TET2	TET2	TET2 5: 0.3	TET2 5 STIM
CH-21-037_VEH	CCR1	20	57.8544061302682	IL6	CH-21-037	VEH	TET2	TET2	TET2 3: 0.062	TET2 3 VEH
CH-21-037_VEH	CD14	20	31.800766283524908	IL6	CH-21-037	VEH	TET2	TET2	TET2 3: 0.062	TET2 3 VEH
CH-21-037_VEH	BRI3	20	92.33716475095785	Adhesion	CH-21-037	VEH	TET2	TET2	TET2 3: 0.062	TET2 3 VEH
CH-21-037_VEH	CD36	20	4.980842911877394	IL6	CH-21-037	VEH	TET2	TET2	TET2 3: 0.062	TET2 3 VEH
CH-21-037_VEH	CSF2	1	3.065134099616858	IL6	CH-21-037	VEH	TET2	TET2	TET2 3: 0.062	TET2 3 VEH
CH-21-037_VEH	CD74	20	95.40229885057471	Antigen	CH-21-037	VEH	TET2	TET2	TET2 3: 0.062	TET2 3 VEH
CH-21-037_VEH	CXCL3	1	86.97318007662835	IL6	CH-21-037	VEH	TET2	TET2	TET2 3: 0.062	TET2 3 VEH
CH-21-037_VEH	CXCL8	1	100	Adhesion	CH-21-037	VEH	TET2	TET2	TET2 3: 0.062	TET2 3 VEH
CH-21-037_VEH	CTSS	20	96.55172413793103	Antigen	CH-21-037	VEH	TET2	TET2	TET2 3: 0.062	TET2 3 VEH
CH-21-037_VEH	IL1B	1	96.93486590038314	IL6	CH-21-037	VEH	TET2	TET2	TET2 3: 0.062	TET2 3 VEH
CH-21-037_VEH	IL1R1	1	63.984674329501914	IL6	CH-21-037	VEH	TET2	TET2	TET2 3: 0.062	TET2 3 VEH
CH-21-037_VEH	IL6	1	31.417624521072796	IL6	CH-21-037	VEH	TET2	TET2	TET2 3: 0.062	TET2 3 VEH
CH-21-037_VEH	FYB1	20	21.455938697318008	Antigen	CH-21-037	VEH	TET2	TET2	TET2 3: 0.062	TET2 3 VEH
CH-21-037_VEH	JUN	20	52.490421455938694	IL6	CH-21-037	VEH	TET2	TET2	TET2 3: 0.062	TET2 3 VEH
CH-21-037_VEH	IL1B	1	96.93486590038314	Adhesion	CH-21-037	VEH	TET2	TET2	TET2 3: 0.062	TET2 3 VEH
CH-21-037_VEH	IFI30	20	98.08429118773945	Antigen	CH-21-037	VEH	TET2	TET2	TET2 3: 0.062	TET2 3 VEH
CH-21-037_VEH	IL6	1	31.417624521072796	Adhesion	CH-21-037	VEH	TET2	TET2	TET2 3: 0.062	TET2 3 VEH
CH-21-037_VEH	LILRB2	20	46.74329501915709	Antigen	CH-21-037	VEH	TET2	TET2	TET2 3: 0.062	TET2 3 VEH
CH-21-037_VEH	ITGB2	20	39.08045977011494	Adhesion	CH-21-037	VEH	TET2	TET2	TET2 3: 0.062	TET2 3 VEH
CH-21-037_VEH	LST1	20	58.620689655172406	Antigen	CH-21-037	VEH	TET2	TET2	TET2 3: 0.062	TET2 3 VEH
CH-21-037_VEH	NFKB1	1	93.10344827586206	Adhesion	CH-21-037	VEH	TET2	TET2	TET2 3: 0.062	TET2 3 VEH
CH-21-037_VEH	PECAM1	20	13.793103448275861	Adhesion	CH-21-037	VEH	TET2	TET2	TET2 3: 0.062	TET2 3 VEH
CH-21-037_VEH	PTGS2	1	68.96551724137932	Adhesion	CH-21-037	VEH	TET2	TET2	TET2 3: 0.062	TET2 3 VEH
CH-21-037_VEH	TNFAIP6	1	62.83524904214559	Adhesion	CH-21-037	VEH	TET2	TET2	TET2 3: 0.062	TET2 3 VEH
CH-21-037_VEH	PSME1	20	79.6934865900383	Antigen	CH-21-037	VEH	TET2	TET2	TET2 3: 0.062	TET2 3 VEH
CH-21-037_STIM	CCR1	1	17.857142857142858	IL6	CH-21-037	STIM	TET2	TET2	TET2 3: 0.062	TET2 3 STIM
CH-21-037_STIM	CD14	1	16.666666666666664	IL6	CH-21-037	STIM	TET2	TET2	TET2 3: 0.062	TET2 3 STIM
CH-21-037_STIM	BRI3	1	84.52380952380952	Adhesion	CH-21-037	STIM	TET2	TET2	TET2 3: 0.062	TET2 3 STIM
CH-21-037_STIM	CD36	1	1.1904761904761905	IL6	CH-21-037	STIM	TET2	TET2	TET2 3: 0.062	TET2 3 STIM
CH-21-037_STIM	CSF2	20	13.095238095238097	IL6	CH-21-037	STIM	TET2	TET2	TET2 3: 0.062	TET2 3 STIM
CH-21-037_STIM	CD74	1	91.66666666666666	Antigen	CH-21-037	STIM	TET2	TET2	TET2 3: 0.062	TET2 3 STIM
CH-21-037_STIM	CXCL3	20	92.85714285714286	IL6	CH-21-037	STIM	TET2	TET2	TET2 3: 0.062	TET2 3 STIM
CH-21-037_STIM	CXCL8	20	100	Adhesion	CH-21-037	STIM	TET2	TET2	TET2 3: 0.062	TET2 3 STIM
CH-21-037_STIM	CTSS	1	96.42857142857143	Antigen	CH-21-037	STIM	TET2	TET2	TET2 3: 0.062	TET2 3 STIM
CH-21-037_STIM	IL1B	20	100	IL6	CH-21-037	STIM	TET2	TET2	TET2 3: 0.062	TET2 3 STIM
CH-21-037_STIM	IL1R1	20	83.33333333333334	IL6	CH-21-037	STIM	TET2	TET2	TET2 3: 0.062	TET2 3 STIM
CH-21-037_STIM	IL6	20	80.95238095238095	IL6	CH-21-037	STIM	TET2	TET2	TET2 3: 0.062	TET2 3 STIM
CH-21-037_STIM	FYB1	1	4.761904761904762	Antigen	CH-21-037	STIM	TET2	TET2	TET2 3: 0.062	TET2 3 STIM
CH-21-037_STIM	JUN	1	40.476190476190474	IL6	CH-21-037	STIM	TET2	TET2	TET2 3: 0.062	TET2 3 STIM
CH-21-037_STIM	IL1B	20	100	Adhesion	CH-21-037	STIM	TET2	TET2	TET2 3: 0.062	TET2 3 STIM
CH-21-037_STIM	IFI30	1	60.71428571428571	Antigen	CH-21-037	STIM	TET2	TET2	TET2 3: 0.062	TET2 3 STIM
CH-21-037_STIM	IL6	20	80.95238095238095	Adhesion	CH-21-037	STIM	TET2	TET2	TET2 3: 0.062	TET2 3 STIM
CH-21-037_STIM	LILRB2	1	23.809523809523807	Antigen	CH-21-037	STIM	TET2	TET2	TET2 3: 0.062	TET2 3 STIM
CH-21-037_STIM	ITGB2	1	23.809523809523807	Adhesion	CH-21-037	STIM	TET2	TET2	TET2 3: 0.062	TET2 3 STIM
CH-21-037_STIM	LST1	1	45.23809523809524	Antigen	CH-21-037	STIM	TET2	TET2	TET2 3: 0.062	TET2 3 STIM
CH-21-037_STIM	NFKB1	20	97.61904761904762	Adhesion	CH-21-037	STIM	TET2	TET2	TET2 3: 0.062	TET2 3 STIM
CH-21-037_STIM	PECAM1	1	3.571428571428571	Adhesion	CH-21-037	STIM	TET2	TET2	TET2 3: 0.062	TET2 3 STIM
CH-21-037_STIM	PTGS2	20	89.28571428571429	Adhesion	CH-21-037	STIM	TET2	TET2	TET2 3: 0.062	TET2 3 STIM
CH-21-037_STIM	TNFAIP6	20	94.04761904761905	Adhesion	CH-21-037	STIM	TET2	TET2	TET2 3: 0.062	TET2 3 STIM
CH-21-037_STIM	PSME1	1	53.57142857142857	Antigen	CH-21-037	STIM	TET2	TET2	TET2 3: 0.062	TET2 3 STIM
CH-21-046_VEH	CCR1	20	66.76258992805757	IL6	CH-21-046	VEH	DNMT3A	DNMT3A	DNMT3A 9: 0.24	DNMT3A 9 VEH
CH-21-046_VEH	CD14	20	44.60431654676259	IL6	CH-21-046	VEH	DNMT3A	DNMT3A	DNMT3A 9: 0.24	DNMT3A 9 VEH
CH-21-046_VEH	BRI3	20	94.3884892086331	Adhesion	CH-21-046	VEH	DNMT3A	DNMT3A	DNMT3A 9: 0.24	DNMT3A 9 VEH
CH-21-046_VEH	CD36	20	19.136690647482013	IL6	CH-21-046	VEH	DNMT3A	DNMT3A	DNMT3A 9: 0.24	DNMT3A 9 VEH
CH-21-046_VEH	CSF2	1	3.3093525179856114	IL6	CH-21-046	VEH	DNMT3A	DNMT3A	DNMT3A 9: 0.24	DNMT3A 9 VEH
CH-21-046_VEH	CD74	20	97.84172661870504	Antigen	CH-21-046	VEH	DNMT3A	DNMT3A	DNMT3A 9: 0.24	DNMT3A 9 VEH
CH-21-046_VEH	CXCL3	1	72.80575539568346	IL6	CH-21-046	VEH	DNMT3A	DNMT3A	DNMT3A 9: 0.24	DNMT3A 9 VEH
CH-21-046_VEH	CXCL8	1	99.568345323741	Adhesion	CH-21-046	VEH	DNMT3A	DNMT3A	DNMT3A 9: 0.24	DNMT3A 9 VEH
CH-21-046_VEH	CTSS	20	98.41726618705036	Antigen	CH-21-046	VEH	DNMT3A	DNMT3A	DNMT3A 9: 0.24	DNMT3A 9 VEH
CH-21-046_VEH	IL1B	1	94.24460431654677	IL6	CH-21-046	VEH	DNMT3A	DNMT3A	DNMT3A 9: 0.24	DNMT3A 9 VEH
CH-21-046_VEH	IL1R1	1	54.96402877697841	IL6	CH-21-046	VEH	DNMT3A	DNMT3A	DNMT3A 9: 0.24	DNMT3A 9 VEH
CH-21-046_VEH	IL6	1	23.884892086330936	IL6	CH-21-046	VEH	DNMT3A	DNMT3A	DNMT3A 9: 0.24	DNMT3A 9 VEH
CH-21-046_VEH	FYB1	20	31.654676258992804	Antigen	CH-21-046	VEH	DNMT3A	DNMT3A	DNMT3A 9: 0.24	DNMT3A 9 VEH
CH-21-046_VEH	JUN	20	76.2589928057554	IL6	CH-21-046	VEH	DNMT3A	DNMT3A	DNMT3A 9: 0.24	DNMT3A 9 VEH
CH-21-046_VEH	IL1B	1	94.24460431654677	Adhesion	CH-21-046	VEH	DNMT3A	DNMT3A	DNMT3A 9: 0.24	DNMT3A 9 VEH
CH-21-046_VEH	IFI30	20	96.54676258992806	Antigen	CH-21-046	VEH	DNMT3A	DNMT3A	DNMT3A 9: 0.24	DNMT3A 9 VEH
CH-21-046_VEH	IL6	1	23.884892086330936	Adhesion	CH-21-046	VEH	DNMT3A	DNMT3A	DNMT3A 9: 0.24	DNMT3A 9 VEH
CH-21-046_VEH	LILRB2	20	59.71223021582733	Antigen	CH-21-046	VEH	DNMT3A	DNMT3A	DNMT3A 9: 0.24	DNMT3A 9 VEH
CH-21-046_VEH	ITGB2	20	80.57553956834532	Adhesion	CH-21-046	VEH	DNMT3A	DNMT3A	DNMT3A 9: 0.24	DNMT3A 9 VEH
CH-21-046_VEH	LST1	20	76.11510791366906	Antigen	CH-21-046	VEH	DNMT3A	DNMT3A	DNMT3A 9: 0.24	DNMT3A 9 VEH
CH-21-046_VEH	NFKB1	1	88.77697841726618	Adhesion	CH-21-046	VEH	DNMT3A	DNMT3A	DNMT3A 9: 0.24	DNMT3A 9 VEH
CH-21-046_VEH	PECAM1	20	29.208633093525183	Adhesion	CH-21-046	VEH	DNMT3A	DNMT3A	DNMT3A 9: 0.24	DNMT3A 9 VEH
CH-21-046_VEH	PTGS2	1	41.58273381294964	Adhesion	CH-21-046	VEH	DNMT3A	DNMT3A	DNMT3A 9: 0.24	DNMT3A 9 VEH
CH-21-046_VEH	TNFAIP6	1	37.84172661870503	Adhesion	CH-21-046	VEH	DNMT3A	DNMT3A	DNMT3A 9: 0.24	DNMT3A 9 VEH
CH-21-046_VEH	PSME1	20	85.61151079136691	Antigen	CH-21-046	VEH	DNMT3A	DNMT3A	DNMT3A 9: 0.24	DNMT3A 9 VEH
CH-21-046_STIM	CCR1	1	26.968973747016705	IL6	CH-21-046	STIM	DNMT3A	DNMT3A	DNMT3A 9: 0.24	DNMT3A 9 STIM
CH-21-046_STIM	CD14	1	22.195704057279237	IL6	CH-21-046	STIM	DNMT3A	DNMT3A	DNMT3A 9: 0.24	DNMT3A 9 STIM
CH-21-046_STIM	BRI3	1	88.54415274463007	Adhesion	CH-21-046	STIM	DNMT3A	DNMT3A	DNMT3A 9: 0.24	DNMT3A 9 STIM
CH-21-046_STIM	CD36	1	10.023866348448687	IL6	CH-21-046	STIM	DNMT3A	DNMT3A	DNMT3A 9: 0.24	DNMT3A 9 STIM
CH-21-046_STIM	CSF2	20	14.319809069212411	IL6	CH-21-046	STIM	DNMT3A	DNMT3A	DNMT3A 9: 0.24	DNMT3A 9 STIM
CH-21-046_STIM	CD74	1	95.94272076372316	Antigen	CH-21-046	STIM	DNMT3A	DNMT3A	DNMT3A 9: 0.24	DNMT3A 9 STIM
CH-21-046_STIM	CXCL3	20	75.89498806682577	IL6	CH-21-046	STIM	DNMT3A	DNMT3A	DNMT3A 9: 0.24	DNMT3A 9 STIM
CH-21-046_STIM	CXCL8	20	99.76133651551312	Adhesion	CH-21-046	STIM	DNMT3A	DNMT3A	DNMT3A 9: 0.24	DNMT3A 9 STIM
CH-21-046_STIM	CTSS	1	98.32935560859188	Antigen	CH-21-046	STIM	DNMT3A	DNMT3A	DNMT3A 9: 0.24	DNMT3A 9 STIM
CH-21-046_STIM	IL1B	20	99.52267303102626	IL6	CH-21-046	STIM	DNMT3A	DNMT3A	DNMT3A 9: 0.24	DNMT3A 9 STIM
CH-21-046_STIM	IL1R1	20	76.6109785202864	IL6	CH-21-046	STIM	DNMT3A	DNMT3A	DNMT3A 9: 0.24	DNMT3A 9 STIM
CH-21-046_STIM	IL6	20	81.38424821002387	IL6	CH-21-046	STIM	DNMT3A	DNMT3A	DNMT3A 9: 0.24	DNMT3A 9 STIM
CH-21-046_STIM	FYB1	1	13.60381861575179	Antigen	CH-21-046	STIM	DNMT3A	DNMT3A	DNMT3A 9: 0.24	DNMT3A 9 STIM
CH-21-046_STIM	JUN	1	51.78997613365155	IL6	CH-21-046	STIM	DNMT3A	DNMT3A	DNMT3A 9: 0.24	DNMT3A 9 STIM
CH-21-046_STIM	IL1B	20	99.52267303102626	Adhesion	CH-21-046	STIM	DNMT3A	DNMT3A	DNMT3A 9: 0.24	DNMT3A 9 STIM
CH-21-046_STIM	IFI30	1	71.83770883054893	Antigen	CH-21-046	STIM	DNMT3A	DNMT3A	DNMT3A 9: 0.24	DNMT3A 9 STIM
CH-21-046_STIM	IL6	20	81.38424821002387	Adhesion	CH-21-046	STIM	DNMT3A	DNMT3A	DNMT3A 9: 0.24	DNMT3A 9 STIM
CH-21-046_STIM	LILRB2	1	26.730310262529834	Antigen	CH-21-046	STIM	DNMT3A	DNMT3A	DNMT3A 9: 0.24	DNMT3A 9 STIM
CH-21-046_STIM	ITGB2	1	68.73508353221956	Adhesion	CH-21-046	STIM	DNMT3A	DNMT3A	DNMT3A 9: 0.24	DNMT3A 9 STIM
CH-21-046_STIM	LST1	1	72.31503579952268	Antigen	CH-21-046	STIM	DNMT3A	DNMT3A	DNMT3A 9: 0.24	DNMT3A 9 STIM
CH-21-046_STIM	NFKB1	20	96.65871121718376	Adhesion	CH-21-046	STIM	DNMT3A	DNMT3A	DNMT3A 9: 0.24	DNMT3A 9 STIM
CH-21-046_STIM	PECAM1	1	5.727923627684964	Adhesion	CH-21-046	STIM	DNMT3A	DNMT3A	DNMT3A 9: 0.24	DNMT3A 9 STIM
CH-21-046_STIM	PTGS2	20	88.54415274463007	Adhesion	CH-21-046	STIM	DNMT3A	DNMT3A	DNMT3A 9: 0.24	DNMT3A 9 STIM
CH-21-046_STIM	TNFAIP6	20	80.90692124105013	Adhesion	CH-21-046	STIM	DNMT3A	DNMT3A	DNMT3A 9: 0.24	DNMT3A 9 STIM
CH-21-046_STIM	PSME1	1	79.23627684964201	Antigen	CH-21-046	STIM	DNMT3A	DNMT3A	DNMT3A 9: 0.24	DNMT3A 9 STIM
CH-21-006_VEH	CCR1	20	32.65073947667804	IL6	CH-21-006	VEH	DNMT3A	DNMT3A	DNMT3A 6: 0.13	DNMT3A 6 VEH
CH-21-006_VEH	CD14	20	26.450511945392492	IL6	CH-21-006	VEH	DNMT3A	DNMT3A	DNMT3A 6: 0.13	DNMT3A 6 VEH
CH-21-006_VEH	BRI3	20	66.4391353811149	Adhesion	CH-21-006	VEH	DNMT3A	DNMT3A	DNMT3A 6: 0.13	DNMT3A 6 VEH
CH-21-006_VEH	CD36	20	8.873720136518772	IL6	CH-21-006	VEH	DNMT3A	DNMT3A	DNMT3A 6: 0.13	DNMT3A 6 VEH
CH-21-006_VEH	CSF2	1	1.3083048919226392	IL6	CH-21-006	VEH	DNMT3A	DNMT3A	DNMT3A 6: 0.13	DNMT3A 6 VEH
CH-21-006_VEH	CD74	20	90.10238907849829	Antigen	CH-21-006	VEH	DNMT3A	DNMT3A	DNMT3A 6: 0.13	DNMT3A 6 VEH
CH-21-006_VEH	CXCL3	20	84.41410693970421	IL6	CH-21-006	VEH	DNMT3A	DNMT3A	DNMT3A 6: 0.13	DNMT3A 6 VEH
CH-21-006_VEH	CXCL8	1	100	Adhesion	CH-21-006	VEH	DNMT3A	DNMT3A	DNMT3A 6: 0.13	DNMT3A 6 VEH
CH-21-006_VEH	CTSS	20	83.21956769055745	Antigen	CH-21-006	VEH	DNMT3A	DNMT3A	DNMT3A 6: 0.13	DNMT3A 6 VEH
CH-21-006_VEH	IL1B	1	98.23663253697383	IL6	CH-21-006	VEH	DNMT3A	DNMT3A	DNMT3A 6: 0.13	DNMT3A 6 VEH
CH-21-006_VEH	IL1R1	1	36.3481228668942	IL6	CH-21-006	VEH	DNMT3A	DNMT3A	DNMT3A 6: 0.13	DNMT3A 6 VEH
CH-21-006_VEH	IL6	1	21.843003412969285	IL6	CH-21-006	VEH	DNMT3A	DNMT3A	DNMT3A 6: 0.13	DNMT3A 6 VEH
CH-21-006_VEH	FYB1	1	16.723549488054605	Antigen	CH-21-006	VEH	DNMT3A	DNMT3A	DNMT3A 6: 0.13	DNMT3A 6 VEH
CH-21-006_VEH	JUN	20	55.346985210466435	IL6	CH-21-006	VEH	DNMT3A	DNMT3A	DNMT3A 6: 0.13	DNMT3A 6 VEH
CH-21-006_VEH	IL1B	1	98.23663253697383	Adhesion	CH-21-006	VEH	DNMT3A	DNMT3A	DNMT3A 6: 0.13	DNMT3A 6 VEH
CH-21-006_VEH	IFI30	20	80.3754266211604	Antigen	CH-21-006	VEH	DNMT3A	DNMT3A	DNMT3A 6: 0.13	DNMT3A 6 VEH
CH-21-006_VEH	IL6	1	21.843003412969285	Adhesion	CH-21-006	VEH	DNMT3A	DNMT3A	DNMT3A 6: 0.13	DNMT3A 6 VEH
CH-21-006_VEH	LILRB2	20	28.896473265073947	Antigen	CH-21-006	VEH	DNMT3A	DNMT3A	DNMT3A 6: 0.13	DNMT3A 6 VEH
CH-21-006_VEH	ITGB2	20	46.53014789533561	Adhesion	CH-21-006	VEH	DNMT3A	DNMT3A	DNMT3A 6: 0.13	DNMT3A 6 VEH
CH-21-006_VEH	LST1	20	40.27303754266212	Antigen	CH-21-006	VEH	DNMT3A	DNMT3A	DNMT3A 6: 0.13	DNMT3A 6 VEH
CH-21-006_VEH	NFKB1	1	67.4061433447099	Adhesion	CH-21-006	VEH	DNMT3A	DNMT3A	DNMT3A 6: 0.13	DNMT3A 6 VEH
CH-21-006_VEH	PECAM1	20	17.633674630261662	Adhesion	CH-21-006	VEH	DNMT3A	DNMT3A	DNMT3A 6: 0.13	DNMT3A 6 VEH
CH-21-006_VEH	PTGS2	1	49.77246871444824	Adhesion	CH-21-006	VEH	DNMT3A	DNMT3A	DNMT3A 6: 0.13	DNMT3A 6 VEH
CH-21-006_VEH	TNFAIP6	1	33.105802047781566	Adhesion	CH-21-006	VEH	DNMT3A	DNMT3A	DNMT3A 6: 0.13	DNMT3A 6 VEH
CH-21-006_VEH	PSME1	1	49.943117178612056	Antigen	CH-21-006	VEH	DNMT3A	DNMT3A	DNMT3A 6: 0.13	DNMT3A 6 VEH
CH-21-006_STIM	CCR1	1	10.934393638170974	IL6	CH-21-006	STIM	DNMT3A	DNMT3A	DNMT3A 6: 0.13	DNMT3A 6 STIM
CH-21-006_STIM	CD14	1	11.43141153081511	IL6	CH-21-006	STIM	DNMT3A	DNMT3A	DNMT3A 6: 0.13	DNMT3A 6 STIM
CH-21-006_STIM	BRI3	1	49.20477137176938	Adhesion	CH-21-006	STIM	DNMT3A	DNMT3A	DNMT3A 6: 0.13	DNMT3A 6 STIM
CH-21-006_STIM	CD36	1	3.6779324055666	IL6	CH-21-006	STIM	DNMT3A	DNMT3A	DNMT3A 6: 0.13	DNMT3A 6 STIM
CH-21-006_STIM	CSF2	20	4.671968190854871	IL6	CH-21-006	STIM	DNMT3A	DNMT3A	DNMT3A 6: 0.13	DNMT3A 6 STIM
CH-21-006_STIM	CD74	1	87.37574552683897	Antigen	CH-21-006	STIM	DNMT3A	DNMT3A	DNMT3A 6: 0.13	DNMT3A 6 STIM
CH-21-006_STIM	CXCL3	1	88.96620278330019	IL6	CH-21-006	STIM	DNMT3A	DNMT3A	DNMT3A 6: 0.13	DNMT3A 6 STIM
CH-21-006_STIM	CXCL8	20	100	Adhesion	CH-21-006	STIM	DNMT3A	DNMT3A	DNMT3A 6: 0.13	DNMT3A 6 STIM
CH-21-006_STIM	CTSS	1	72.76341948310139	Antigen	CH-21-006	STIM	DNMT3A	DNMT3A	DNMT3A 6: 0.13	DNMT3A 6 STIM
CH-21-006_STIM	IL1B	20	99.80119284294234	IL6	CH-21-006	STIM	DNMT3A	DNMT3A	DNMT3A 6: 0.13	DNMT3A 6 STIM
CH-21-006_STIM	IL1R1	20	32.80318091451292	IL6	CH-21-006	STIM	DNMT3A	DNMT3A	DNMT3A 6: 0.13	DNMT3A 6 STIM
CH-21-006_STIM	IL6	20	48.111332007952285	IL6	CH-21-006	STIM	DNMT3A	DNMT3A	DNMT3A 6: 0.13	DNMT3A 6 STIM
CH-21-006_STIM	FYB1	20	17.693836978131213	Antigen	CH-21-006	STIM	DNMT3A	DNMT3A	DNMT3A 6: 0.13	DNMT3A 6 STIM
CH-21-006_STIM	JUN	1	44.83101391650099	IL6	CH-21-006	STIM	DNMT3A	DNMT3A	DNMT3A 6: 0.13	DNMT3A 6 STIM
CH-21-006_STIM	IL1B	20	99.80119284294234	Adhesion	CH-21-006	STIM	DNMT3A	DNMT3A	DNMT3A 6: 0.13	DNMT3A 6 STIM
CH-21-006_STIM	IFI30	1	52.98210735586481	Antigen	CH-21-006	STIM	DNMT3A	DNMT3A	DNMT3A 6: 0.13	DNMT3A 6 STIM
CH-21-006_STIM	IL6	20	48.111332007952285	Adhesion	CH-21-006	STIM	DNMT3A	DNMT3A	DNMT3A 6: 0.13	DNMT3A 6 STIM
CH-21-006_STIM	LILRB2	1	9.542743538767395	Antigen	CH-21-006	STIM	DNMT3A	DNMT3A	DNMT3A 6: 0.13	DNMT3A 6 STIM
CH-21-006_STIM	ITGB2	1	32.80318091451292	Adhesion	CH-21-006	STIM	DNMT3A	DNMT3A	DNMT3A 6: 0.13	DNMT3A 6 STIM
CH-21-006_STIM	LST1	1	35.288270377733596	Antigen	CH-21-006	STIM	DNMT3A	DNMT3A	DNMT3A 6: 0.13	DNMT3A 6 STIM
CH-21-006_STIM	NFKB1	20	66.10337972166998	Adhesion	CH-21-006	STIM	DNMT3A	DNMT3A	DNMT3A 6: 0.13	DNMT3A 6 STIM
CH-21-006_STIM	PECAM1	1	7.3558648111332	Adhesion	CH-21-006	STIM	DNMT3A	DNMT3A	DNMT3A 6: 0.13	DNMT3A 6 STIM
CH-21-006_STIM	PTGS2	20	69.38369781312127	Adhesion	CH-21-006	STIM	DNMT3A	DNMT3A	DNMT3A 6: 0.13	DNMT3A 6 STIM
CH-21-006_STIM	TNFAIP6	20	47.415506958250496	Adhesion	CH-21-006	STIM	DNMT3A	DNMT3A	DNMT3A 6: 0.13	DNMT3A 6 STIM
CH-21-006_STIM	PSME1	20	43.439363817097416	Antigen	CH-21-006	STIM	DNMT3A	DNMT3A	DNMT3A 6: 0.13	DNMT3A 6 STIM
CH-21-034_VEH	CCR1	20	34.831460674157306	IL6	CH-21-034	VEH	DNMT3A	DNMT3A	DNMT3A 4: 0.08	DNMT3A 4 VEH
CH-21-034_VEH	CD14	20	32.20973782771536	IL6	CH-21-034	VEH	DNMT3A	DNMT3A	DNMT3A 4: 0.08	DNMT3A 4 VEH
CH-21-034_VEH	BRI3	20	89.51310861423221	Adhesion	CH-21-034	VEH	DNMT3A	DNMT3A	DNMT3A 4: 0.08	DNMT3A 4 VEH
CH-21-034_VEH	CD36	20	9.238451935081148	IL6	CH-21-034	VEH	DNMT3A	DNMT3A	DNMT3A 4: 0.08	DNMT3A 4 VEH
CH-21-034_VEH	CSF2	1	3.9950062421972534	IL6	CH-21-034	VEH	DNMT3A	DNMT3A	DNMT3A 4: 0.08	DNMT3A 4 VEH
CH-21-034_VEH	CD74	20	97.8776529338327	Antigen	CH-21-034	VEH	DNMT3A	DNMT3A	DNMT3A 4: 0.08	DNMT3A 4 VEH
CH-21-034_VEH	CXCL3	1	65.66791510611736	IL6	CH-21-034	VEH	DNMT3A	DNMT3A	DNMT3A 4: 0.08	DNMT3A 4 VEH
CH-21-034_VEH	CXCL8	1	99.87515605493134	Adhesion	CH-21-034	VEH	DNMT3A	DNMT3A	DNMT3A 4: 0.08	DNMT3A 4 VEH
CH-21-034_VEH	CTSS	20	99.25093632958801	Antigen	CH-21-034	VEH	DNMT3A	DNMT3A	DNMT3A 4: 0.08	DNMT3A 4 VEH
CH-21-034_VEH	IL1B	1	98.87640449438202	IL6	CH-21-034	VEH	DNMT3A	DNMT3A	DNMT3A 4: 0.08	DNMT3A 4 VEH
CH-21-034_VEH	IL1R1	1	54.43196004993758	IL6	CH-21-034	VEH	DNMT3A	DNMT3A	DNMT3A 4: 0.08	DNMT3A 4 VEH
CH-21-034_VEH	IL6	1	33.83270911360799	IL6	CH-21-034	VEH	DNMT3A	DNMT3A	DNMT3A 4: 0.08	DNMT3A 4 VEH
CH-21-034_VEH	FYB1	20	14.357053682896378	Antigen	CH-21-034	VEH	DNMT3A	DNMT3A	DNMT3A 4: 0.08	DNMT3A 4 VEH
CH-21-034_VEH	JUN	20	66.29213483146067	IL6	CH-21-034	VEH	DNMT3A	DNMT3A	DNMT3A 4: 0.08	DNMT3A 4 VEH
CH-21-034_VEH	IL1B	1	98.87640449438202	Adhesion	CH-21-034	VEH	DNMT3A	DNMT3A	DNMT3A 4: 0.08	DNMT3A 4 VEH
CH-21-034_VEH	IFI30	20	95.75530586766541	Antigen	CH-21-034	VEH	DNMT3A	DNMT3A	DNMT3A 4: 0.08	DNMT3A 4 VEH
CH-21-034_VEH	IL6	1	33.83270911360799	Adhesion	CH-21-034	VEH	DNMT3A	DNMT3A	DNMT3A 4: 0.08	DNMT3A 4 VEH
CH-21-034_VEH	LILRB2	20	67.04119850187266	Antigen	CH-21-034	VEH	DNMT3A	DNMT3A	DNMT3A 4: 0.08	DNMT3A 4 VEH
CH-21-034_VEH	ITGB2	20	68.2896379525593	Adhesion	CH-21-034	VEH	DNMT3A	DNMT3A	DNMT3A 4: 0.08	DNMT3A 4 VEH
CH-21-034_VEH	LST1	20	76.15480649188514	Antigen	CH-21-034	VEH	DNMT3A	DNMT3A	DNMT3A 4: 0.08	DNMT3A 4 VEH
CH-21-034_VEH	NFKB1	1	93.3832709113608	Adhesion	CH-21-034	VEH	DNMT3A	DNMT3A	DNMT3A 4: 0.08	DNMT3A 4 VEH
CH-21-034_VEH	PECAM1	20	22.09737827715356	Adhesion	CH-21-034	VEH	DNMT3A	DNMT3A	DNMT3A 4: 0.08	DNMT3A 4 VEH
CH-21-034_VEH	PTGS2	1	60.42446941323346	Adhesion	CH-21-034	VEH	DNMT3A	DNMT3A	DNMT3A 4: 0.08	DNMT3A 4 VEH
CH-21-034_VEH	TNFAIP6	1	58.42696629213483	Adhesion	CH-21-034	VEH	DNMT3A	DNMT3A	DNMT3A 4: 0.08	DNMT3A 4 VEH
CH-21-034_VEH	PSME1	20	72.65917602996255	Antigen	CH-21-034	VEH	DNMT3A	DNMT3A	DNMT3A 4: 0.08	DNMT3A 4 VEH
CH-21-034_STIM	CCR1	1	12.989690721649486	IL6	CH-21-034	STIM	DNMT3A	DNMT3A	DNMT3A 4: 0.08	DNMT3A 4 STIM
CH-21-034_STIM	CD14	1	11.752577319587628	IL6	CH-21-034	STIM	DNMT3A	DNMT3A	DNMT3A 4: 0.08	DNMT3A 4 STIM
CH-21-034_STIM	BRI3	1	78.14432989690722	Adhesion	CH-21-034	STIM	DNMT3A	DNMT3A	DNMT3A 4: 0.08	DNMT3A 4 STIM
CH-21-034_STIM	CD36	1	5.360824742268041	IL6	CH-21-034	STIM	DNMT3A	DNMT3A	DNMT3A 4: 0.08	DNMT3A 4 STIM
CH-21-034_STIM	CSF2	20	23.09278350515464	IL6	CH-21-034	STIM	DNMT3A	DNMT3A	DNMT3A 4: 0.08	DNMT3A 4 STIM
CH-21-034_STIM	CD74	1	96.28865979381443	Antigen	CH-21-034	STIM	DNMT3A	DNMT3A	DNMT3A 4: 0.08	DNMT3A 4 STIM
CH-21-034_STIM	CXCL3	20	78.76288659793815	IL6	CH-21-034	STIM	DNMT3A	DNMT3A	DNMT3A 4: 0.08	DNMT3A 4 STIM
CH-21-034_STIM	CXCL8	20	100	Adhesion	CH-21-034	STIM	DNMT3A	DNMT3A	DNMT3A 4: 0.08	DNMT3A 4 STIM
CH-21-034_STIM	CTSS	1	98.55670103092784	Antigen	CH-21-034	STIM	DNMT3A	DNMT3A	DNMT3A 4: 0.08	DNMT3A 4 STIM
CH-21-034_STIM	IL1B	20	100	IL6	CH-21-034	STIM	DNMT3A	DNMT3A	DNMT3A 4: 0.08	DNMT3A 4 STIM
CH-21-034_STIM	IL1R1	20	73.4020618556701	IL6	CH-21-034	STIM	DNMT3A	DNMT3A	DNMT3A 4: 0.08	DNMT3A 4 STIM
CH-21-034_STIM	IL6	20	90.9278350515464	IL6	CH-21-034	STIM	DNMT3A	DNMT3A	DNMT3A 4: 0.08	DNMT3A 4 STIM
CH-21-034_STIM	FYB1	1	10.721649484536082	Antigen	CH-21-034	STIM	DNMT3A	DNMT3A	DNMT3A 4: 0.08	DNMT3A 4 STIM
CH-21-034_STIM	JUN	1	47.21649484536082	IL6	CH-21-034	STIM	DNMT3A	DNMT3A	DNMT3A 4: 0.08	DNMT3A 4 STIM
CH-21-034_STIM	IL1B	20	100	Adhesion	CH-21-034	STIM	DNMT3A	DNMT3A	DNMT3A 4: 0.08	DNMT3A 4 STIM
CH-21-034_STIM	IFI30	1	69.27835051546391	Antigen	CH-21-034	STIM	DNMT3A	DNMT3A	DNMT3A 4: 0.08	DNMT3A 4 STIM
CH-21-034_STIM	IL6	20	90.9278350515464	Adhesion	CH-21-034	STIM	DNMT3A	DNMT3A	DNMT3A 4: 0.08	DNMT3A 4 STIM
CH-21-034_STIM	LILRB2	1	35.670103092783506	Antigen	CH-21-034	STIM	DNMT3A	DNMT3A	DNMT3A 4: 0.08	DNMT3A 4 STIM
CH-21-034_STIM	ITGB2	1	66.18556701030927	Adhesion	CH-21-034	STIM	DNMT3A	DNMT3A	DNMT3A 4: 0.08	DNMT3A 4 STIM
CH-21-034_STIM	LST1	1	70.9278350515464	Antigen	CH-21-034	STIM	DNMT3A	DNMT3A	DNMT3A 4: 0.08	DNMT3A 4 STIM
CH-21-034_STIM	NFKB1	20	98.55670103092784	Adhesion	CH-21-034	STIM	DNMT3A	DNMT3A	DNMT3A 4: 0.08	DNMT3A 4 STIM
CH-21-034_STIM	PECAM1	1	6.185567010309279	Adhesion	CH-21-034	STIM	DNMT3A	DNMT3A	DNMT3A 4: 0.08	DNMT3A 4 STIM
CH-21-034_STIM	PTGS2	20	98.55670103092784	Adhesion	CH-21-034	STIM	DNMT3A	DNMT3A	DNMT3A 4: 0.08	DNMT3A 4 STIM
CH-21-034_STIM	TNFAIP6	20	80.61855670103093	Adhesion	CH-21-034	STIM	DNMT3A	DNMT3A	DNMT3A 4: 0.08	DNMT3A 4 STIM
CH-21-034_STIM	PSME1	1	61.855670103092784	Antigen	CH-21-034	STIM	DNMT3A	DNMT3A	DNMT3A 4: 0.08	DNMT3A 4 STIM
CH-21-021_VEH	CCR1	20	59.09090909090909	IL6	CH-21-021	VEH	Control	Control	Control 4	Control 4 VEH
CH-21-021_VEH	CD14	20	34.54545454545455	IL6	CH-21-021	VEH	Control	Control	Control 4	Control 4 VEH
CH-21-021_VEH	BRI3	20	90.38961038961038	Adhesion	CH-21-021	VEH	Control	Control	Control 4	Control 4 VEH
CH-21-021_VEH	CD36	20	16.623376623376622	IL6	CH-21-021	VEH	Control	Control	Control 4	Control 4 VEH
CH-21-021_VEH	CSF2	1	0.7792207792207793	IL6	CH-21-021	VEH	Control	Control	Control 4	Control 4 VEH
CH-21-021_VEH	CD74	20	92.33766233766234	Antigen	CH-21-021	VEH	Control	Control	Control 4	Control 4 VEH
CH-21-021_VEH	CXCL3	1	52.33766233766234	IL6	CH-21-021	VEH	Control	Control	Control 4	Control 4 VEH
CH-21-021_VEH	CXCL8	1	98.83116883116884	Adhesion	CH-21-021	VEH	Control	Control	Control 4	Control 4 VEH
CH-21-021_VEH	CTSS	20	94.8051948051948	Antigen	CH-21-021	VEH	Control	Control	Control 4	Control 4 VEH
CH-21-021_VEH	IL1B	1	74.67532467532467	IL6	CH-21-021	VEH	Control	Control	Control 4	Control 4 VEH
CH-21-021_VEH	IL1R1	1	54.675324675324674	IL6	CH-21-021	VEH	Control	Control	Control 4	Control 4 VEH
CH-21-021_VEH	IL6	1	13.376623376623375	IL6	CH-21-021	VEH	Control	Control	Control 4	Control 4 VEH
CH-21-021_VEH	FYB1	20	36.62337662337662	Antigen	CH-21-021	VEH	Control	Control	Control 4	Control 4 VEH
CH-21-021_VEH	JUN	20	56.493506493506494	IL6	CH-21-021	VEH	Control	Control	Control 4	Control 4 VEH
CH-21-021_VEH	IL1B	1	74.67532467532467	Adhesion	CH-21-021	VEH	Control	Control	Control 4	Control 4 VEH
CH-21-021_VEH	IFI30	20	96.62337662337663	Antigen	CH-21-021	VEH	Control	Control	Control 4	Control 4 VEH
CH-21-021_VEH	IL6	1	13.376623376623375	Adhesion	CH-21-021	VEH	Control	Control	Control 4	Control 4 VEH
CH-21-021_VEH	LILRB2	20	56.753246753246756	Antigen	CH-21-021	VEH	Control	Control	Control 4	Control 4 VEH
CH-21-021_VEH	ITGB2	20	28.83116883116883	Adhesion	CH-21-021	VEH	Control	Control	Control 4	Control 4 VEH
CH-21-021_VEH	LST1	20	59.350649350649356	Antigen	CH-21-021	VEH	Control	Control	Control 4	Control 4 VEH
CH-21-021_VEH	NFKB1	1	84.93506493506493	Adhesion	CH-21-021	VEH	Control	Control	Control 4	Control 4 VEH
CH-21-021_VEH	PECAM1	20	29.09090909090909	Adhesion	CH-21-021	VEH	Control	Control	Control 4	Control 4 VEH
CH-21-021_VEH	PTGS2	1	22.597402597402596	Adhesion	CH-21-021	VEH	Control	Control	Control 4	Control 4 VEH
CH-21-021_VEH	TNFAIP6	1	47.27272727272727	Adhesion	CH-21-021	VEH	Control	Control	Control 4	Control 4 VEH
CH-21-021_VEH	PSME1	20	65.1948051948052	Antigen	CH-21-021	VEH	Control	Control	Control 4	Control 4 VEH
CH-21-021_STIM	CCR1	1	9.574468085106384	IL6	CH-21-021	STIM	Control	Control	Control 4	Control 4 STIM
CH-21-021_STIM	CD14	1	11.702127659574469	IL6	CH-21-021	STIM	Control	Control	Control 4	Control 4 STIM
CH-21-021_STIM	BRI3	1	77.6595744680851	Adhesion	CH-21-021	STIM	Control	Control	Control 4	Control 4 STIM
CH-21-021_STIM	CD36	1	2.6595744680851063	IL6	CH-21-021	STIM	Control	Control	Control 4	Control 4 STIM
CH-21-021_STIM	CSF2	20	10.106382978723403	IL6	CH-21-021	STIM	Control	Control	Control 4	Control 4 STIM
CH-21-021_STIM	CD74	1	84.57446808510637	Antigen	CH-21-021	STIM	Control	Control	Control 4	Control 4 STIM
CH-21-021_STIM	CXCL3	20	85.1063829787234	IL6	CH-21-021	STIM	Control	Control	Control 4	Control 4 STIM
CH-21-021_STIM	CXCL8	20	98.40425531914893	Adhesion	CH-21-021	STIM	Control	Control	Control 4	Control 4 STIM
CH-21-021_STIM	CTSS	1	85.1063829787234	Antigen	CH-21-021	STIM	Control	Control	Control 4	Control 4 STIM
CH-21-021_STIM	IL1B	20	97.3404255319149	IL6	CH-21-021	STIM	Control	Control	Control 4	Control 4 STIM
CH-21-021_STIM	IL1R1	20	60.63829787234043	IL6	CH-21-021	STIM	Control	Control	Control 4	Control 4 STIM
CH-21-021_STIM	IL6	20	84.57446808510637	IL6	CH-21-021	STIM	Control	Control	Control 4	Control 4 STIM
CH-21-021_STIM	FYB1	1	7.9787234042553195	Antigen	CH-21-021	STIM	Control	Control	Control 4	Control 4 STIM
CH-21-021_STIM	JUN	1	43.08510638297872	IL6	CH-21-021	STIM	Control	Control	Control 4	Control 4 STIM
CH-21-021_STIM	IL1B	20	97.3404255319149	Adhesion	CH-21-021	STIM	Control	Control	Control 4	Control 4 STIM
CH-21-021_STIM	IFI30	1	50.53191489361703	Antigen	CH-21-021	STIM	Control	Control	Control 4	Control 4 STIM
CH-21-021_STIM	IL6	20	84.57446808510637	Adhesion	CH-21-021	STIM	Control	Control	Control 4	Control 4 STIM
CH-21-021_STIM	LILRB2	1	16.48936170212766	Antigen	CH-21-021	STIM	Control	Control	Control 4	Control 4 STIM
CH-21-021_STIM	ITGB2	1	17.02127659574468	Adhesion	CH-21-021	STIM	Control	Control	Control 4	Control 4 STIM
CH-21-021_STIM	LST1	1	46.27659574468085	Antigen	CH-21-021	STIM	Control	Control	Control 4	Control 4 STIM
CH-21-021_STIM	NFKB1	20	96.80851063829788	Adhesion	CH-21-021	STIM	Control	Control	Control 4	Control 4 STIM
CH-21-021_STIM	PECAM1	1	2.127659574468085	Adhesion	CH-21-021	STIM	Control	Control	Control 4	Control 4 STIM
CH-21-021_STIM	PTGS2	20	88.82978723404256	Adhesion	CH-21-021	STIM	Control	Control	Control 4	Control 4 STIM
CH-21-021_STIM	TNFAIP6	20	87.2340425531915	Adhesion	CH-21-021	STIM	Control	Control	Control 4	Control 4 STIM
CH-21-021_STIM	PSME1	1	41.48936170212766	Antigen	CH-21-021	STIM	Control	Control	Control 4	Control 4 STIM
CH-21-031_VEH	CCR1	20	67.02586206896551	IL6	CH-21-031	VEH	Control	Control	Control 3	Control 3 VEH
CH-21-031_VEH	CD14	20	59.69827586206896	IL6	CH-21-031	VEH	Control	Control	Control 3	Control 3 VEH
CH-21-031_VEH	BRI3	20	95.25862068965517	Adhesion	CH-21-031	VEH	Control	Control	Control 3	Control 3 VEH
CH-21-031_VEH	CD36	20	20.905172413793103	IL6	CH-21-031	VEH	Control	Control	Control 3	Control 3 VEH
CH-21-031_VEH	CSF2	1	0.43103448275862066	IL6	CH-21-031	VEH	Control	Control	Control 3	Control 3 VEH
CH-21-031_VEH	CD74	20	88.79310344827587	Antigen	CH-21-031	VEH	Control	Control	Control 3	Control 3 VEH
CH-21-031_VEH	CXCL3	1	72.19827586206897	IL6	CH-21-031	VEH	Control	Control	Control 3	Control 3 VEH
CH-21-031_VEH	CXCL8	1	99.78448275862068	Adhesion	CH-21-031	VEH	Control	Control	Control 3	Control 3 VEH
CH-21-031_VEH	CTSS	20	97.62931034482759	Antigen	CH-21-031	VEH	Control	Control	Control 3	Control 3 VEH
CH-21-031_VEH	IL1B	1	92.45689655172413	IL6	CH-21-031	VEH	Control	Control	Control 3	Control 3 VEH
CH-21-031_VEH	IL1R1	20	67.24137931034483	IL6	CH-21-031	VEH	Control	Control	Control 3	Control 3 VEH
CH-21-031_VEH	IL6	1	15.301724137931034	IL6	CH-21-031	VEH	Control	Control	Control 3	Control 3 VEH
CH-21-031_VEH	FYB1	20	39.6551724137931	Antigen	CH-21-031	VEH	Control	Control	Control 3	Control 3 VEH
CH-21-031_VEH	JUN	20	83.40517241379311	IL6	CH-21-031	VEH	Control	Control	Control 3	Control 3 VEH
CH-21-031_VEH	IL1B	1	92.45689655172413	Adhesion	CH-21-031	VEH	Control	Control	Control 3	Control 3 VEH
CH-21-031_VEH	IFI30	20	98.49137931034483	Antigen	CH-21-031	VEH	Control	Control	Control 3	Control 3 VEH
CH-21-031_VEH	IL6	1	15.301724137931034	Adhesion	CH-21-031	VEH	Control	Control	Control 3	Control 3 VEH
CH-21-031_VEH	LILRB2	20	42.887931034482754	Antigen	CH-21-031	VEH	Control	Control	Control 3	Control 3 VEH
CH-21-031_VEH	ITGB2	20	21.336206896551722	Adhesion	CH-21-031	VEH	Control	Control	Control 3	Control 3 VEH
CH-21-031_VEH	LST1	20	63.146551724137936	Antigen	CH-21-031	VEH	Control	Control	Control 3	Control 3 VEH
CH-21-031_VEH	NFKB1	1	76.50862068965517	Adhesion	CH-21-031	VEH	Control	Control	Control 3	Control 3 VEH
CH-21-031_VEH	PECAM1	20	36.206896551724135	Adhesion	CH-21-031	VEH	Control	Control	Control 3	Control 3 VEH
CH-21-031_VEH	PTGS2	1	58.83620689655172	Adhesion	CH-21-031	VEH	Control	Control	Control 3	Control 3 VEH
CH-21-031_VEH	TNFAIP6	1	51.508620689655174	Adhesion	CH-21-031	VEH	Control	Control	Control 3	Control 3 VEH
CH-21-031_VEH	PSME1	20	66.59482758620689	Antigen	CH-21-031	VEH	Control	Control	Control 3	Control 3 VEH
CH-21-031_STIM	CCR1	1	11.50278293135436	IL6	CH-21-031	STIM	Control	Control	Control 3	Control 3 STIM
CH-21-031_STIM	CD14	1	22.634508348794064	IL6	CH-21-031	STIM	Control	Control	Control 3	Control 3 STIM
CH-21-031_STIM	BRI3	1	74.21150278293135	Adhesion	CH-21-031	STIM	Control	Control	Control 3	Control 3 STIM
CH-21-031_STIM	CD36	1	2.2263450834879404	IL6	CH-21-031	STIM	Control	Control	Control 3	Control 3 STIM
CH-21-031_STIM	CSF2	20	20.59369202226345	IL6	CH-21-031	STIM	Control	Control	Control 3	Control 3 STIM
CH-21-031_STIM	CD74	1	82.56029684601113	Antigen	CH-21-031	STIM	Control	Control	Control 3	Control 3 STIM
CH-21-031_STIM	CXCL3	20	93.13543599257885	IL6	CH-21-031	STIM	Control	Control	Control 3	Control 3 STIM
CH-21-031_STIM	CXCL8	20	100	Adhesion	CH-21-031	STIM	Control	Control	Control 3	Control 3 STIM
CH-21-031_STIM	CTSS	1	95.91836734693877	Antigen	CH-21-031	STIM	Control	Control	Control 3	Control 3 STIM
CH-21-031_STIM	IL1B	20	99.81447124304268	IL6	CH-21-031	STIM	Control	Control	Control 3	Control 3 STIM
CH-21-031_STIM	IL1R1	1	75.69573283858998	IL6	CH-21-031	STIM	Control	Control	Control 3	Control 3 STIM
CH-21-031_STIM	IL6	20	91.28014842300557	IL6	CH-21-031	STIM	Control	Control	Control 3	Control 3 STIM
CH-21-031_STIM	FYB1	1	4.081632653061225	Antigen	CH-21-031	STIM	Control	Control	Control 3	Control 3 STIM
CH-21-031_STIM	JUN	1	44.712430426716146	IL6	CH-21-031	STIM	Control	Control	Control 3	Control 3 STIM
CH-21-031_STIM	IL1B	20	99.81447124304268	Adhesion	CH-21-031	STIM	Control	Control	Control 3	Control 3 STIM
CH-21-031_STIM	IFI30	1	63.821892393320965	Antigen	CH-21-031	STIM	Control	Control	Control 3	Control 3 STIM
CH-21-031_STIM	IL6	20	91.28014842300557	Adhesion	CH-21-031	STIM	Control	Control	Control 3	Control 3 STIM
CH-21-031_STIM	LILRB2	1	30.0556586270872	Antigen	CH-21-031	STIM	Control	Control	Control 3	Control 3 STIM
CH-21-031_STIM	ITGB2	1	9.647495361781075	Adhesion	CH-21-031	STIM	Control	Control	Control 3	Control 3 STIM
CH-21-031_STIM	LST1	1	50.278293135435995	Antigen	CH-21-031	STIM	Control	Control	Control 3	Control 3 STIM
CH-21-031_STIM	NFKB1	20	99.25788497217069	Adhesion	CH-21-031	STIM	Control	Control	Control 3	Control 3 STIM
CH-21-031_STIM	PECAM1	1	1.855287569573284	Adhesion	CH-21-031	STIM	Control	Control	Control 3	Control 3 STIM
CH-21-031_STIM	PTGS2	20	97.95918367346938	Adhesion	CH-21-031	STIM	Control	Control	Control 3	Control 3 STIM
CH-21-031_STIM	TNFAIP6	20	96.84601113172542	Adhesion	CH-21-031	STIM	Control	Control	Control 3	Control 3 STIM
CH-21-031_STIM	PSME1	1	47.86641929499073	Antigen	CH-21-031	STIM	Control	Control	Control 3	Control 3 STIM
CH-21-013_VEH	CCR1	20	37.142857142857146	IL6	CH-21-013	VEH	Control	Control	Control 2	Control 2 VEH
CH-21-013_VEH	CD14	20	31.285714285714285	IL6	CH-21-013	VEH	Control	Control	Control 2	Control 2 VEH
CH-21-013_VEH	BRI3	20	84.71428571428572	Adhesion	CH-21-013	VEH	Control	Control	Control 2	Control 2 VEH
CH-21-013_VEH	CD36	20	9.428571428571429	IL6	CH-21-013	VEH	Control	Control	Control 2	Control 2 VEH
CH-21-013_VEH	CSF2	1	3	IL6	CH-21-013	VEH	Control	Control	Control 2	Control 2 VEH
CH-21-013_VEH	CD74	20	93.71428571428572	Antigen	CH-21-013	VEH	Control	Control	Control 2	Control 2 VEH
CH-21-013_VEH	CXCL3	20	75.28571428571429	IL6	CH-21-013	VEH	Control	Control	Control 2	Control 2 VEH
CH-21-013_VEH	CXCL8	1	100	Adhesion	CH-21-013	VEH	Control	Control	Control 2	Control 2 VEH
CH-21-013_VEH	CTSS	20	95.14285714285714	Antigen	CH-21-013	VEH	Control	Control	Control 2	Control 2 VEH
CH-21-013_VEH	IL1B	1	96.42857142857143	IL6	CH-21-013	VEH	Control	Control	Control 2	Control 2 VEH
CH-21-013_VEH	IL1R1	1	33.14285714285714	IL6	CH-21-013	VEH	Control	Control	Control 2	Control 2 VEH
CH-21-013_VEH	IL6	1	14.857142857142858	IL6	CH-21-013	VEH	Control	Control	Control 2	Control 2 VEH
CH-21-013_VEH	FYB1	20	20.142857142857142	Antigen	CH-21-013	VEH	Control	Control	Control 2	Control 2 VEH
CH-21-013_VEH	JUN	20	59.71428571428572	IL6	CH-21-013	VEH	Control	Control	Control 2	Control 2 VEH
CH-21-013_VEH	IL1B	1	96.42857142857143	Adhesion	CH-21-013	VEH	Control	Control	Control 2	Control 2 VEH
CH-21-013_VEH	IFI30	20	93.71428571428572	Antigen	CH-21-013	VEH	Control	Control	Control 2	Control 2 VEH
CH-21-013_VEH	IL6	1	14.857142857142858	Adhesion	CH-21-013	VEH	Control	Control	Control 2	Control 2 VEH
CH-21-013_VEH	LILRB2	20	43.42857142857143	Antigen	CH-21-013	VEH	Control	Control	Control 2	Control 2 VEH
CH-21-013_VEH	ITGB2	20	46.42857142857143	Adhesion	CH-21-013	VEH	Control	Control	Control 2	Control 2 VEH
CH-21-013_VEH	LST1	20	65.85714285714286	Antigen	CH-21-013	VEH	Control	Control	Control 2	Control 2 VEH
CH-21-013_VEH	NFKB1	1	74.57142857142857	Adhesion	CH-21-013	VEH	Control	Control	Control 2	Control 2 VEH
CH-21-013_VEH	PECAM1	20	26.71428571428571	Adhesion	CH-21-013	VEH	Control	Control	Control 2	Control 2 VEH
CH-21-013_VEH	PTGS2	1	47.285714285714285	Adhesion	CH-21-013	VEH	Control	Control	Control 2	Control 2 VEH
CH-21-013_VEH	TNFAIP6	1	34.14285714285714	Adhesion	CH-21-013	VEH	Control	Control	Control 2	Control 2 VEH
CH-21-013_VEH	PSME1	20	57.99999999999999	Antigen	CH-21-013	VEH	Control	Control	Control 2	Control 2 VEH
CH-21-013_STIM	CCR1	1	13.735343383584588	IL6	CH-21-013	STIM	Control	Control	Control 2	Control 2 STIM
CH-21-013_STIM	CD14	1	10.385259631490786	IL6	CH-21-013	STIM	Control	Control	Control 2	Control 2 STIM
CH-21-013_STIM	BRI3	1	63.484087102177554	Adhesion	CH-21-013	STIM	Control	Control	Control 2	Control 2 STIM
CH-21-013_STIM	CD36	1	2.8475711892797317	IL6	CH-21-013	STIM	Control	Control	Control 2	Control 2 STIM
CH-21-013_STIM	CSF2	20	11.390284757118927	IL6	CH-21-013	STIM	Control	Control	Control 2	Control 2 STIM
CH-21-013_STIM	CD74	1	88.107202680067	Antigen	CH-21-013	STIM	Control	Control	Control 2	Control 2 STIM
CH-21-013_STIM	CXCL3	1	73.36683417085426	IL6	CH-21-013	STIM	Control	Control	Control 2	Control 2 STIM
CH-21-013_STIM	CXCL8	20	100	Adhesion	CH-21-013	STIM	Control	Control	Control 2	Control 2 STIM
CH-21-013_STIM	CTSS	1	87.26968174204355	Antigen	CH-21-013	STIM	Control	Control	Control 2	Control 2 STIM
CH-21-013_STIM	IL1B	20	99.32998324958125	IL6	CH-21-013	STIM	Control	Control	Control 2	Control 2 STIM
CH-21-013_STIM	IL1R1	20	47.06867671691792	IL6	CH-21-013	STIM	Control	Control	Control 2	Control 2 STIM
CH-21-013_STIM	IL6	20	65.9966499162479	IL6	CH-21-013	STIM	Control	Control	Control 2	Control 2 STIM
CH-21-013_STIM	FYB1	1	14.07035175879397	Antigen	CH-21-013	STIM	Control	Control	Control 2	Control 2 STIM
CH-21-013_STIM	JUN	1	43.551088777219434	IL6	CH-21-013	STIM	Control	Control	Control 2	Control 2 STIM
CH-21-013_STIM	IL1B	20	99.32998324958125	Adhesion	CH-21-013	STIM	Control	Control	Control 2	Control 2 STIM
CH-21-013_STIM	IFI30	1	58.96147403685092	Antigen	CH-21-013	STIM	Control	Control	Control 2	Control 2 STIM
CH-21-013_STIM	IL6	20	65.9966499162479	Adhesion	CH-21-013	STIM	Control	Control	Control 2	Control 2 STIM
CH-21-013_STIM	LILRB2	1	14.40536013400335	Antigen	CH-21-013	STIM	Control	Control	Control 2	Control 2 STIM
CH-21-013_STIM	ITGB2	1	34.67336683417086	Adhesion	CH-21-013	STIM	Control	Control	Control 2	Control 2 STIM
CH-21-013_STIM	LST1	1	50.9212730318258	Antigen	CH-21-013	STIM	Control	Control	Control 2	Control 2 STIM
CH-21-013_STIM	NFKB1	20	82.07705192629817	Adhesion	CH-21-013	STIM	Control	Control	Control 2	Control 2 STIM
CH-21-013_STIM	PECAM1	1	4.857621440536013	Adhesion	CH-21-013	STIM	Control	Control	Control 2	Control 2 STIM
CH-21-013_STIM	PTGS2	20	78.22445561139028	Adhesion	CH-21-013	STIM	Control	Control	Control 2	Control 2 STIM
CH-21-013_STIM	TNFAIP6	20	62.8140703517588	Adhesion	CH-21-013	STIM	Control	Control	Control 2	Control 2 STIM
CH-21-013_STIM	PSME1	1	46.733668341708544	Antigen	CH-21-013	STIM	Control	Control	Control 2	Control 2 STIM
CH-21-008_VEH	CCR1	20	35.80097087378641	IL6	CH-21-008	VEH	Control	Control	Control 1	Control 1 VEH
CH-21-008_VEH	CD14	20	37.5	IL6	CH-21-008	VEH	Control	Control	Control 1	Control 1 VEH
CH-21-008_VEH	BRI3	20	85.07281553398059	Adhesion	CH-21-008	VEH	Control	Control	Control 1	Control 1 VEH
CH-21-008_VEH	CD36	20	7.524271844660194	IL6	CH-21-008	VEH	Control	Control	Control 1	Control 1 VEH
CH-21-008_VEH	CSF2	1	3.3980582524271843	IL6	CH-21-008	VEH	Control	Control	Control 1	Control 1 VEH
CH-21-008_VEH	CD74	20	88.7135922330097	Antigen	CH-21-008	VEH	Control	Control	Control 1	Control 1 VEH
CH-21-008_VEH	CXCL3	1	59.34466019417476	IL6	CH-21-008	VEH	Control	Control	Control 1	Control 1 VEH
CH-21-008_VEH	CXCL8	1	100	Adhesion	CH-21-008	VEH	Control	Control	Control 1	Control 1 VEH
CH-21-008_VEH	CTSS	20	97.20873786407766	Antigen	CH-21-008	VEH	Control	Control	Control 1	Control 1 VEH
CH-21-008_VEH	IL1B	1	96.72330097087378	IL6	CH-21-008	VEH	Control	Control	Control 1	Control 1 VEH
CH-21-008_VEH	IL1R1	1	30.339805825242717	IL6	CH-21-008	VEH	Control	Control	Control 1	Control 1 VEH
CH-21-008_VEH	IL6	1	24.87864077669903	IL6	CH-21-008	VEH	Control	Control	Control 1	Control 1 VEH
CH-21-008_VEH	FYB1	20	20.266990291262136	Antigen	CH-21-008	VEH	Control	Control	Control 1	Control 1 VEH
CH-21-008_VEH	JUN	20	72.0873786407767	IL6	CH-21-008	VEH	Control	Control	Control 1	Control 1 VEH
CH-21-008_VEH	IL1B	1	96.72330097087378	Adhesion	CH-21-008	VEH	Control	Control	Control 1	Control 1 VEH
CH-21-008_VEH	IFI30	20	94.1747572815534	Antigen	CH-21-008	VEH	Control	Control	Control 1	Control 1 VEH
CH-21-008_VEH	IL6	1	24.87864077669903	Adhesion	CH-21-008	VEH	Control	Control	Control 1	Control 1 VEH
CH-21-008_VEH	LILRB2	20	32.88834951456311	Antigen	CH-21-008	VEH	Control	Control	Control 1	Control 1 VEH
CH-21-008_VEH	ITGB2	20	45.63106796116505	Adhesion	CH-21-008	VEH	Control	Control	Control 1	Control 1 VEH
CH-21-008_VEH	LST1	20	64.80582524271846	Antigen	CH-21-008	VEH	Control	Control	Control 1	Control 1 VEH
CH-21-008_VEH	NFKB1	1	86.52912621359224	Adhesion	CH-21-008	VEH	Control	Control	Control 1	Control 1 VEH
CH-21-008_VEH	PECAM1	20	18.932038834951456	Adhesion	CH-21-008	VEH	Control	Control	Control 1	Control 1 VEH
CH-21-008_VEH	PTGS2	1	45.99514563106796	Adhesion	CH-21-008	VEH	Control	Control	Control 1	Control 1 VEH
CH-21-008_VEH	TNFAIP6	1	47.45145631067961	Adhesion	CH-21-008	VEH	Control	Control	Control 1	Control 1 VEH
CH-21-008_VEH	PSME1	20	55.46116504854369	Antigen	CH-21-008	VEH	Control	Control	Control 1	Control 1 VEH
CH-21-008_STIM	CCR1	1	11.951588502269288	IL6	CH-21-008	STIM	Control	Control	Control 1	Control 1 STIM
CH-21-008_STIM	CD14	1	16.944024205748864	IL6	CH-21-008	STIM	Control	Control	Control 1	Control 1 STIM
CH-21-008_STIM	BRI3	1	70.19667170953102	Adhesion	CH-21-008	STIM	Control	Control	Control 1	Control 1 STIM
CH-21-008_STIM	CD36	1	3.3282904689863844	IL6	CH-21-008	STIM	Control	Control	Control 1	Control 1 STIM
CH-21-008_STIM	CSF2	20	11.497730711043873	IL6	CH-21-008	STIM	Control	Control	Control 1	Control 1 STIM
CH-21-008_STIM	CD74	1	80.18154311649016	Antigen	CH-21-008	STIM	Control	Control	Control 1	Control 1 STIM
CH-21-008_STIM	CXCL3	20	70.65052950075643	IL6	CH-21-008	STIM	Control	Control	Control 1	Control 1 STIM
CH-21-008_STIM	CXCL8	20	100	Adhesion	CH-21-008	STIM	Control	Control	Control 1	Control 1 STIM
CH-21-008_STIM	CTSS	1	92.58698940998488	Antigen	CH-21-008	STIM	Control	Control	Control 1	Control 1 STIM
CH-21-008_STIM	IL1B	20	99.54614220877458	IL6	CH-21-008	STIM	Control	Control	Control 1	Control 1 STIM
CH-21-008_STIM	IL1R1	20	47.352496217851744	IL6	CH-21-008	STIM	Control	Control	Control 1	Control 1 STIM
CH-21-008_STIM	IL6	20	82.60211800302571	IL6	CH-21-008	STIM	Control	Control	Control 1	Control 1 STIM
CH-21-008_STIM	FYB1	1	14.826021180030258	Antigen	CH-21-008	STIM	Control	Control	Control 1	Control 1 STIM
CH-21-008_STIM	JUN	1	51.73978819969742	IL6	CH-21-008	STIM	Control	Control	Control 1	Control 1 STIM
CH-21-008_STIM	IL1B	20	99.54614220877458	Adhesion	CH-21-008	STIM	Control	Control	Control 1	Control 1 STIM
CH-21-008_STIM	IFI30	1	63.086232980332824	Antigen	CH-21-008	STIM	Control	Control	Control 1	Control 1 STIM
CH-21-008_STIM	IL6	20	82.60211800302571	Adhesion	CH-21-008	STIM	Control	Control	Control 1	Control 1 STIM
CH-21-008_STIM	LILRB2	1	9.228441754916792	Antigen	CH-21-008	STIM	Control	Control	Control 1	Control 1 STIM
CH-21-008_STIM	ITGB2	1	37.518910741301056	Adhesion	CH-21-008	STIM	Control	Control	Control 1	Control 1 STIM
CH-21-008_STIM	LST1	1	55.06807866868382	Antigen	CH-21-008	STIM	Control	Control	Control 1	Control 1 STIM
CH-21-008_STIM	NFKB1	20	91.52798789712556	Adhesion	CH-21-008	STIM	Control	Control	Control 1	Control 1 STIM
CH-21-008_STIM	PECAM1	1	4.236006051437216	Adhesion	CH-21-008	STIM	Control	Control	Control 1	Control 1 STIM
CH-21-008_STIM	PTGS2	20	87.29198184568835	Adhesion	CH-21-008	STIM	Control	Control	Control 1	Control 1 STIM
CH-21-008_STIM	TNFAIP6	20	78.21482602118003	Adhesion	CH-21-008	STIM	Control	Control	Control 1	Control 1 STIM
CH-21-008_STIM	PSME1	1	40.09077155824508	Antigen	CH-21-008	STIM	Control	Control	Control 1	Control 1 STIM
