Entry	VAF	Mutation_Group
DNMT3A	4	DNMT3A
DNMT3A	2	DNMT3A
DNMT3A	0	DNMT3A
none	0	none
TET2	30	SRSF2 TET2
TET2	29	SRSF2 TET2
SRSF2	3	SRSF2 TET2
TET2	2	TET2
DNMT3A	13	DNMT3A
none	0	none
none	0	none
SRSF2	40	SRSF2 TET2
TET2	51	SRSF2 TET2
DNMT3A	20	DNMT3A IDH2 TP53
IDH2	10	DNMT3A IDH2 TP53
TP53	5	DNMT3A IDH2 TP53
none	0	none
none	0	none
none	0	none
TET2	2	TET2
none	0	none
TET2	33	TET2
DNMT3A	8	DNMT3A
DNMT3A	7	DNMT3A
TET2	6.2	TET2
DNMT3A	24	DNMT3A
SRSF2	33	SRSF2 TET2
TET2	27	SRSF2 TET2
TET2	42	SRSF2 TET2
TET2	23	TET2
DNMT3A	9.1	DNMT3A
DNMT3A	5	DNMT3A
